PRAGMA synchronous = OFF;
PRAGMA journal_mode = MEMORY;
CREATE TABLE IF NOT EXISTS sig (occurrenceID VARCHAR(5000) , family VARCHAR(5000) , acceptedNameUsage VARCHAR(5000) , decimalLatitude VARCHAR(5000) , decimalLongitude VARCHAR(5000) , georeferenceProtocol VARCHAR(5000) , georeferenceVerificationStatus VARCHAR(5000) , georeferencedBy VARCHAR(5000) , georeferencedDate VARCHAR(5000) , georeferencePrecision VARCHAR(5000) , coordinateUncertaintyInMeters VARCHAR(5000) , acceptedNameUsage VARCHAR(5000) , valid VARCHAR(5000) , validation_taxonomy VARCHAR(5000) , validation_cultivated VARCHAR(5000) , validation_duplicated VARCHAR(5000) , validation_native VARCHAR(5000) , validation_georeference VARCHAR(5000) , contributor VARCHAR(5000) , remarks VARCHAR(5000));
INSERT INTO sig VALUES ('urn:occurrence:05febd18-2645-466d-9a79-f0a833e8a4e3','Eriocaulaceae','Paepalanthus capixabensis Trovó','-20.658724','-41.004954','coletor','ok','','','','5 a 10 km','Paepalanthus capixabensis Trovó','true','valid','no','no','native','valid','Leonardo Novaes . Ricardo Avancini . Marcelo Trovó Lopes de Oliveira','');
INSERT INTO sig VALUES ('urn:occurrence:0c28b388-9f10-4a67-b581-605fd867bf5d','Asteraceae','Eremanthus ovatifolius Loeuille','-19.3953','-41.6692','coletor','ok','Leonardo Novaes','','','5 a 10 km','Eremanthus ovatifolius Loeuille','true','valid','no','no','native','valid','Benoît Francis Patrice Loeuille . Leonardo Novaes . Raquel','');
INSERT INTO sig VALUES ('urn:occurrence:11046b57-b7f7-4219-90e6-e0656fb8c965','Eriocaulaceae','Paepalanthus echinoides Trovó.','-14.042261','-47.645143','sig','ok','','','','centroide de uc','Paepalanthus echinoides Trovó.','false','','','yes','','','Fernanda Wimmer . Marcelo Trovó Lopes de Oliveira','');
INSERT INTO sig VALUES ('urn:occurrence:143f6bf5-6936-47a3-b471-2afa750674dd','Eriocaulaceae','Paepalanthus echinoides Trovó.','-14.07087','-47.507052','coletor','ok','','','','','Paepalanthus echinoides Trovó.','false','','','yes','','','Fernanda Wimmer . Marcelo Trovó Lopes de Oliveira','');
INSERT INTO sig VALUES ('urn:occurrence:150b052c-9f3f-43fc-aba3-e6e27e887166','Eriocaulaceae','Paepalanthus capixabensis Trovó','-20.5658162','-41.005933','coletor','ok','','','','5 a 10 km','Paepalanthus capixabensis Trovó','true','valid','no','no','native','valid','Leonardo Novaes . Ricardo Avancini . Marcelo Trovó Lopes de Oliveira','');
INSERT INTO sig VALUES ('urn:occurrence:1842220b-c5af-4451-8abe-551b0cf328db','Bromeliaceae','Encholirium fragae Forzza','-12.379444','-44.9516666667','','ok','','','','','Encholirium fragae Forzza','','','','','','','Leonardo Novaes . Rodrigo Amaro','');
INSERT INTO sig VALUES ('urn:occurrence:23095625-c14d-4b77-adff-95bac2d2b8fe','Asteraceae','Eremanthus praetermissus Loeuille','-23.6466','-45.6725','coletor','ok','','','','','Eremanthus praetermissus Loeuille','true','valid','no','no','native','valid','Benoît Francis Patrice Loeuille . Leonardo Novaes . Raquel','');
INSERT INTO sig VALUES ('urn:occurrence:2ac20dc6-a5e0-40b0-8417-13bbe64633da','Asteraceae','Eremanthus praetermissus Loeuille','-23.6381','-45.6992','coletor','ok','','','','','Eremanthus praetermissus Loeuille','true','valid','no','no','native','valid','Benoît Francis Patrice Loeuille . Leonardo Novaes . Raquel','');
INSERT INTO sig VALUES ('urn:occurrence:330f4c7a-953a-45cf-b935-4e025f314dbe','Asteraceae','Eremanthus praetermissus Loeuille','-23.464477','-45.056488','google earth','ok','','','','5 a 10 km','Eremanthus praetermissus Loeuille','true','valid','no','no','native','valid','Benoît Francis Patrice Loeuille . Leonardo Novaes . Raquel','');
INSERT INTO sig VALUES ('urn:occurrence:3438c2f9-d41e-4db8-b85e-bf13f5038070','Bromeliaceae','Encholirium kranzianum Leme & Forzza','-17.576111','-43.5213888','','ok','','','','','Encholirium kranzianum Leme & Forzza','','','','','','','Leonardo Novaes . Rodrigo Amaro','');
INSERT INTO sig VALUES ('urn:occurrence:35a7377f-09dc-4409-a7a7-31cc512789e8','Eriocaulaceae','Paepalanthus echinoides Trovó.','-14.072743','-47.499948','coletor','ok','','','','','Paepalanthus echinoides Trovó.','false','','','yes','','','Fernanda Wimmer . Marcelo Trovó Lopes de Oliveira','');
INSERT INTO sig VALUES ('urn:occurrence:38f3d3ff-67b9-498c-9246-046d30bb44c9','Bromeliaceae','Encholirium splendidum Forzza','-13.235555','-43.9391666','','ok','','','','','Encholirium splendidum Forzza','','','','','','','Leonardo Novaes . Rodrigo Amaro','');
INSERT INTO sig VALUES ('urn:occurrence:39bfc45b-04ba-4787-91ae-144b61de71cc','Asteraceae','Eremanthus ovatifolius Loeuille','-19.40167','-41.67639','coletor','ok','Leonardo Novaes','','','5 a 10 km','Eremanthus ovatifolius Loeuille','true','valid','no','no','native','valid','Benoît Francis Patrice Loeuille . Leonardo Novaes . Raquel','');
INSERT INTO sig VALUES ('urn:occurrence:4d5210f1-509f-42fa-9a57-825e1776c934','Eriocaulaceae','Paepalanthus capixabensis Trovó','-20.5658162','-41.005933','coletor','ok','','','','5 a 10 km','Paepalanthus capixabensis Trovó','false','valid','no','yes','native','valid','Leonardo Novaes . Ricardo Avancini . Marcelo Trovó Lopes de Oliveira','');
INSERT INTO sig VALUES ('urn:occurrence:4f10a6ad-e7ef-44e8-a8a0-6e80cf544522','Eriocaulaceae','Paepalanthus capixabensis Trovó','-20.5658162','-41.005933','coletor','ok','','','','5 a 10 km','Paepalanthus capixabensis Trovó','false','valid','no','yes','native','valid','Leonardo Novaes . Ricardo Avancini . Marcelo Trovó Lopes de Oliveira','');
INSERT INTO sig VALUES ('urn:occurrence:50c7b527-c3e0-4eb6-abc2-d0f502a4dc69','Asteraceae','Eremanthus ovatifolius Loeuille','-19.3967','-41.6723','coletor','ok','Leonardo Novaes','','','5 a 10 km','Eremanthus ovatifolius Loeuille','true','valid','no','no','native','valid','Benoît Francis Patrice Loeuille . Leonardo Novaes . Raquel','');
INSERT INTO sig VALUES ('urn:occurrence:6b10989b-5908-4aa8-993a-f377f65fe452','Asteraceae','Eremanthus praetermissus Loeuille','-23.310047','-44.605921','google earth','ok','','','','1 a 5 km','Eremanthus praetermissus Loeuille','true','valid','no','no','native','valid','Benoît Francis Patrice Loeuille . Leonardo Novaes . Raquel','');
INSERT INTO sig VALUES ('urn:occurrence:73ca07f9-53e3-4782-8366-4ef35758d0db','Eriocaulaceae','Paepalanthus echinoides Trovó.','-14.072743','-47.499948','coletor','ok','','','','','Paepalanthus echinoides Trovó.','true','valid','no','no','native','valid','Fernanda Wimmer . Marcelo Trovó Lopes de Oliveira','');
INSERT INTO sig VALUES ('urn:occurrence:73d0eb3d-c0f7-4de5-b488-bb6744807055','Asteraceae','Eremanthus praetermissus Loeuille','-23.547916','-45.247141','google earth','ok','','','','10 a 50 km','Eremanthus praetermissus Loeuille','true','valid','no','no','native','valid','Benoît Francis Patrice Loeuille . Leonardo Novaes . Raquel','');
INSERT INTO sig VALUES ('urn:occurrence:73edbc78-7be0-40d4-8b67-296b778527e4','Asteraceae','Eremanthus praetermissus Loeuille','-23.744947','-45.729713','google earth','ok','','','','10 a 50 km','Eremanthus praetermissus Loeuille','true','valid','no','no','native','valid','Benoît Francis Patrice Loeuille . Leonardo Novaes . Raquel','');
INSERT INTO sig VALUES ('urn:occurrence:75f09d2b-02a6-412d-bf6e-17f9d94d246a','Eriocaulaceae','Paepalanthus echinoides Trovó.','-14.171147','-47.51643','coletor','ok','','','','','Paepalanthus echinoides Trovó.','true','valid','no','no','native','valid','Fernanda Wimmer . Marcelo Trovó Lopes de Oliveira','');
INSERT INTO sig VALUES ('urn:occurrence:76d96b17-7abe-48aa-b996-c09fdafe260f','Bromeliaceae','Encholirium splendidum Forzza','-13.6258333','-44.30972222','','ok','','','','','Encholirium splendidum Forzza','','','','','','','Leonardo Novaes . Rodrigo Amaro','');
INSERT INTO sig VALUES ('urn:occurrence:7889c824-f4e5-4f29-8025-fa2ba7797e98','Eriocaulaceae','Paepalanthus echinoides Trovó.','-14.042261','-47.645143','sig','ok','','','','centroide de uc','Paepalanthus echinoides Trovó.','false','','','yes','','','Fernanda Wimmer . Marcelo Trovó Lopes de Oliveira','');
INSERT INTO sig VALUES ('urn:occurrence:874315e4-27a5-4c45-a4e7-5d4a7527a5e8','Bromeliaceae','Encholirium kranzianum Leme & Forzza','-17.2527777778','-43.0969444444','','ok','','','','','Encholirium kranzianum Leme & Forzza','','','','','','','Leonardo Novaes . Rodrigo Amaro','');
INSERT INTO sig VALUES ('urn:occurrence:904f57d2-0f90-450a-a49a-a2a4d3ead16e','Asteraceae','Eremanthus praetermissus Loeuille','-23.491844','-45.17342','google earth','ok','','','','5 a 10 km','Eremanthus praetermissus Loeuille','true','valid','no','no','native','valid','Benoît Francis Patrice Loeuille . Leonardo Novaes . Raquel','');
INSERT INTO sig VALUES ('urn:occurrence:91147f43-8631-4c2a-9c80-c77d1576365c','Asteraceae','Eremanthus praetermissus Loeuille','-23.1392','-44.8144','coletor','ok','','','','','Eremanthus praetermissus Loeuille','true','valid','no','no','native','valid','Benoît Francis Patrice Loeuille . Leonardo Novaes . Raquel','');
INSERT INTO sig VALUES ('urn:occurrence:9a562e21-7c18-4879-9c38-860e739a29bd','Eriocaulaceae','Paepalanthus echinoides Trovó.','-14.07087','-47.507052','coletor','ok','','','','','Paepalanthus echinoides Trovó.','true','valid','no','no','native','valid','Fernanda Wimmer . Marcelo Trovó Lopes de Oliveira','');
INSERT INTO sig VALUES ('urn:occurrence:9fc30466-99b6-4859-be6e-298f042a07d0','Bromeliaceae','Encholirium splendidum Forzza','-13.4313888','-44.22','','ok','','','','','Encholirium splendidum Forzza','','','','','','','Leonardo Novaes . Rodrigo Amaro','');
INSERT INTO sig VALUES ('urn:occurrence:JBRJ:RB:574103','Rubiaceae','Bradea borrerioides J.A.Oliveira & Sobrado','-18.5697223','-40.9852777','','ok','','','','','Bradea borrerioides J.A.Oliveira & Sobrado','true','valid','no','no','native','valid','Ricardo Avancini . Juliana Amaral de Oliveira','');
INSERT INTO sig VALUES ('urn:occurrence:JBRJ:RB:598390','Rubiaceae','Bradea borrerioides J.A.Oliveira & Sobrado','-18.7169445','-40.5458333','','ok','','','','','Bradea borrerioides J.A.Oliveira & Sobrado','true','valid','no','no','native','valid','Ricardo Avancini . Juliana Amaral de Oliveira','');
INSERT INTO sig VALUES ('urn:occurrence:JBRJ:RB:598406','Rubiaceae','Bradea borrerioides J.A.Oliveira & Sobrado','-18.8141667','-40.635','','ok','','','','','Bradea borrerioides J.A.Oliveira & Sobrado','true','valid','no','no','native','valid','Ricardo Avancini . Juliana Amaral de Oliveira','');
INSERT INTO sig VALUES ('urn:occurrence:JBRJ:RB:598478','Rubiaceae','Bradea borrerioides J.A.Oliveira & Sobrado','-18.7072222','-40.5930555','','ok','','','','','Bradea borrerioides J.A.Oliveira & Sobrado','true','valid','no','no','native','valid','Ricardo Avancini . Juliana Amaral de Oliveira','');
INSERT INTO sig VALUES ('urn:occurrence:MBML:MBML-HERBARIO:34844','Rubiaceae','Bradea borrerioides J.A.Oliveira & Sobrado','-18.421667','-41.121111','','ok','','','','','Bradea borrerioides J.A.Oliveira & Sobrado','true','valid','no','no','native','valid','Ricardo Avancini . Juliana Amaral de Oliveira','');
INSERT INTO sig VALUES ('urn:occurrence:MBML:MBML-HERBARIO:37226','Rubiaceae','Bradea borrerioides J.A.Oliveira & Sobrado','-18.569278','-40.98525','','ok','','','','','Bradea borrerioides J.A.Oliveira & Sobrado','true','valid','no','no','native','valid','Ricardo Avancini . Juliana Amaral de Oliveira','');
INSERT INTO sig VALUES ('urn:occurrence:UFMG:BHCB:159553','Rubiaceae','Bradea borrerioides J.A.Oliveira & Sobrado','-17.855972','-41.260944','','ok','','','','','Bradea borrerioides J.A.Oliveira & Sobrado','true','valid','no','no','native','valid','Ricardo Avancini . Juliana Amaral de Oliveira','');
INSERT INTO sig VALUES ('urn:occurrence:UFMG:BHCB:159554','Rubiaceae','Bradea borrerioides J.A.Oliveira & Sobrado','-17.855972','-41.260944','','ok','','','','','Bradea borrerioides J.A.Oliveira & Sobrado','true','valid','no','no','native','valid','Ricardo Avancini . Juliana Amaral de Oliveira','');
INSERT INTO sig VALUES ('urn:occurrence:a773b895-00b8-4dbf-9c36-096c7f215721','Asteraceae','Eremanthus praetermissus Loeuille','-23.6592','-46.0364','coletor','ok','','','','','Eremanthus praetermissus Loeuille','true','valid','no','no','native','valid','Benoît Francis Patrice Loeuille . Leonardo Novaes . Raquel','');
INSERT INTO sig VALUES ('urn:occurrence:b39c3b29-91ba-4157-a940-bf48b1309839','Asteraceae','Eremanthus praetermissus Loeuille','-23.5167','-45.0333','coletor','ok','','','','','Eremanthus praetermissus Loeuille','true','valid','no','no','native','valid','Benoît Francis Patrice Loeuille . Leonardo Novaes . Raquel','');
INSERT INTO sig VALUES ('urn:occurrence:b47a011a-05a3-4313-9c17-3fff214fa7b6','Eriocaulaceae','Paepalanthus echinoides Trovó.','-14.072743','-47.499948','coletor','ok','','','','','Paepalanthus echinoides Trovó.','false','','','yes','','','Fernanda Wimmer . Marcelo Trovó Lopes de Oliveira','');
INSERT INTO sig VALUES ('urn:occurrence:bb9d45ca-2ca4-4cd1-a0db-cfc5a93d31a9','Asteraceae','Eremanthus praetermissus Loeuille','-23.491844','-45.17342','google earth','ok','','','','5 a 10 km','Eremanthus praetermissus Loeuille','true','valid','no','no','native','valid','Benoît Francis Patrice Loeuille . Leonardo Novaes . Raquel','');
INSERT INTO sig VALUES ('urn:occurrence:c096738f-7a06-4d7c-aa57-46b7323f52ce','Bromeliaceae','Encholirium splendidum Forzza','-13.93333','-44.732222','','ok','','','','','Encholirium splendidum Forzza','','','','','','','Leonardo Novaes . Rodrigo Amaro','');
INSERT INTO sig VALUES ('urn:occurrence:c1ef4b9c-b9bb-4774-8da9-eca5c4c6ee97','Eriocaulaceae','Paepalanthus capixabensis Trovó','-20.5658162','-41.005933','coletor','ok','','','','5 a 10 km','Paepalanthus capixabensis Trovó','true','valid','no','no','native','valid','Leonardo Novaes . Ricardo Avancini . Marcelo Trovó Lopes de Oliveira','');
INSERT INTO sig VALUES ('urn:occurrence:c20cd6f0-f24d-4d3e-a5d5-701fe8b6521b','Asteraceae','Eremanthus praetermissus Loeuille','-23.307431','-44.790747','google earth','ok','','','','1 a 5 km','Eremanthus praetermissus Loeuille','true','valid','no','no','native','valid','Benoît Francis Patrice Loeuille . Leonardo Novaes . Raquel','');
INSERT INTO sig VALUES ('urn:occurrence:c36caa90-1b86-4b7a-9024-de57cd01afd1','Eriocaulaceae','Paepalanthus echinoides Trovó.','-14.042261','-47.645143','sig','ok','','','','centroide de uc','Paepalanthus echinoides Trovó.','true','valid','no','no','native','valid','Fernanda Wimmer . Marcelo Trovó Lopes de Oliveira','');
INSERT INTO sig VALUES ('urn:occurrence:c380f708-3b15-41d2-9097-876c73f51b21','Eriocaulaceae','Paepalanthus capixabensis Trovó','-20.683716','-41.009919','coletor','ok','','','','5 a 10 km','Paepalanthus capixabensis Trovó','true','valid','no','no','native','valid','Leonardo Novaes . Ricardo Avancini . Marcelo Trovó Lopes de Oliveira','');
INSERT INTO sig VALUES ('urn:occurrence:cbd38942-c337-4440-a43e-4e9bf8cf0f82','Bromeliaceae','Encholirium splendidum Forzza','-13.238611','-43.935555','','ok','','','','','Encholirium splendidum Forzza','','','','','','','Leonardo Novaes . Rodrigo Amaro','');
INSERT INTO sig VALUES ('urn:occurrence:dad16f61-778a-4854-bdcb-4a06923b22cf','Eriocaulaceae','Paepalanthus capixabensis Trovó','-20.680907','-41.004169','coletor','ok','','','','5 a 10 km','Paepalanthus capixabensis Trovó','true','valid','no','no','native','valid','Leonardo Novaes . Ricardo Avancini . Marcelo Trovó Lopes de Oliveira','');
INSERT INTO sig VALUES ('urn:occurrence:e4e191da-521d-4cad-b7aa-b269b7ee5dfc','Eriocaulaceae','Paepalanthus echinoides Trovó.','-14.042261','-47.645143','sig','ok','','','','centroide de uc','Paepalanthus echinoides Trovó.','true','valid','no','no','native','valid','Fernanda Wimmer . Marcelo Trovó Lopes de Oliveira','');
INSERT INTO sig VALUES ('urn:occurrence:e7dafd25-9694-4ac1-aa6b-a2812b8edc72','Bromeliaceae','Encholirium splendidum Forzza','-13.5861111','-44.32','','ok','Leonardo Novaes','','','','Encholirium splendidum Forzza','true','','','','','','Leonardo Novaes . Rodrigo Amaro','');
INSERT INTO sig VALUES ('urn:occurrence:f0181a9c-c82d-4b63-9c76-530e0b8d51a0','Bromeliaceae','Encholirium splendidum Forzza','-13.235555','-43.9391666','','ok','','','','','Encholirium splendidum Forzza','','','','','','','Leonardo Novaes . Rodrigo Amaro','');
INSERT INTO sig VALUES ('urn:occurrence:f6053c10-ff73-4780-8a85-099c1d41d8b7','Eriocaulaceae','Paepalanthus echinoides Trovó.','-14.171147','-47.51643','coletor','ok','','','','','Paepalanthus echinoides Trovó.','false','','','yes','','','Fernanda Wimmer . Marcelo Trovó Lopes de Oliveira','');
INSERT INTO sig VALUES ('urn:occurrence:fa035813-5a9a-43d2-a44e-e59a0765eee7','Eriocaulaceae','Paepalanthus echinoides Trovó.','-14.072743','-47.499948','coletor','ok','','','','','Paepalanthus echinoides Trovó.','true','valid','no','no','native','valid','Fernanda Wimmer . Marcelo Trovó Lopes de Oliveira','');
CREATE TABLE IF NOT EXISTS species (family VARCHAR(5000) , scientificNameWithoutAuthorship VARCHAR(5000) , scientificNameAuthorship VARCHAR(5000));
INSERT INTO species VALUES ('ERIOCAULACEAE','Paepalanthus velutiphyllus','');
INSERT INTO species VALUES ('Asteraceae','Eremanthus praetermissus','Loeuille');
INSERT INTO species VALUES ('Asteraceae','Eremanthus ovatifolius','Loeuille');
INSERT INTO species VALUES ('ERIOCAULACEAE','Paepalanthus capixabensis','Trovó');
INSERT INTO species VALUES ('RUBIACEAE','Bradea pubescens','Brade ex J.A.Oliveira');
INSERT INTO species VALUES ('RUBIACEAE','Bradea arenicola ','J.A.Oliveira');
INSERT INTO species VALUES ('ERIOCAULACEAE','Paepalanthus farinaceus','');
INSERT INTO species VALUES ('ERIOCAULACEAE','Paepalanthus argyrotrychus','');
INSERT INTO species VALUES ('RUBIACEAE','Bradea laeterosea ','J.A.Oliveira');
INSERT INTO species VALUES ('RUBIACEAE','Bradea borrerioides','J.A.Oliveira & Sobrado');
INSERT INTO species VALUES ('BROMELIACEAE','Encholirium fragae','Forzza');
INSERT INTO species VALUES ('BROMELIACEAE','Encholirium kranzianum','Leme & Forzza');
INSERT INTO species VALUES ('BROMELIACEAE','Encholirium splendidum','Forzza');
INSERT INTO species VALUES ('ERIOCAULACEAE','Paepalanthus echinoides','Trovó.');
INSERT INTO species VALUES ('RUBIACEAE','Bradea sessilifolia ','J.A.Oliveira');
CREATE TABLE IF NOT EXISTS occurrences (occurrenceID VARCHAR(5000) , bibliographicCitation VARCHAR(5000) , institutionCode VARCHAR(5000) , collectionCode VARCHAR(5000) , catalogNumber VARCHAR(5000) , recordNumber VARCHAR(5000) , recordedBy VARCHAR(5000) , occurrenceRemarks VARCHAR(5000) , year VARCHAR(5000) , month VARCHAR(5000) , day VARCHAR(5000) , identifiedBy VARCHAR(5000) , yearIdentified VARCHAR(5000) , monthIdentified VARCHAR(5000) , dayIdentified VARCHAR(5000) , stateProvince VARCHAR(5000) , municipality VARCHAR(5000) , locality VARCHAR(5000) , decimalLatitude VARCHAR(5000) , decimalLongitude VARCHAR(5000) , family VARCHAR(5000) , genus VARCHAR(5000) , specificEpithet VARCHAR(5000) , infraspecificEpithet VARCHAR(5000) , scientificName VARCHAR(5000) , georeferenceRemarks VARCHAR(5000) , georeferenceProtocol VARCHAR(5000) , georeferenceVerificationStatus VARCHAR(5000) , georeferencedBy VARCHAR(5000) , georeferencedDate VARCHAR(5000) , georeferencePrecision VARCHAR(5000) , coordinateUncertaintyInMeters VARCHAR(5000) , acceptedNameUsage VARCHAR(5000) , valid VARCHAR(5000) , validation_taxonomy VARCHAR(5000) , validation_cultivated VARCHAR(5000) , validation_duplicated VARCHAR(5000) , validation_native VARCHAR(5000) , validation_georeference VARCHAR(5000) , contributor VARCHAR(5000) , dateLastModified VARCHAR(5000) , remarks VARCHAR(5000) , comments VARCHAR(5000));
INSERT INTO occurrences VALUES ('urn:occurrence:05febd18-2645-466d-9a79-f0a833e8a4e3','','USP','SPF','','1851','V.F. Ferreira','Erva heliófila restrita à pequenas manchas de quartzo em meio a uma matriz granítica nos arredores do município de Vargem Alta - ES','1981','8','16','M. Trovó','','','','Espírito Santo','Vargem Alta','Morro de Sal','-20.658724','-41.004954','Eriocaulaceae','Paepalanthus','capixabensis','','Paepalanthus capixabensis','','coletor','ok','','','','5 a 10 km','Paepalanthus capixabensis Trovó','true','valid','no','no','native','valid','Leonardo Novaes . Ricardo Avancini . Marcelo Trovó Lopes de Oliveira','2015-03-02 12:09:00','','');
INSERT INTO occurrences VALUES ('urn:occurrence:0c28b388-9f10-4a67-b581-605fd867bf5d','','','SPF','','700','Gonella','','2014','7','9','Loeuille, B.','','','','Minas Gerais','Alvarenga','Pico da Aliança','-19.3953','-41.6692','Asteraceae','Eremanthus','ovatifolius','','Eremanthus ovatifolius','','coletor','ok','Leonardo Novaes','','','5 a 10 km','Eremanthus ovatifolius Loeuille','true','valid','no','no','native','valid','Benoît Francis Patrice Loeuille . Leonardo Novaes . Raquel','2015-03-04 14:02:42','','');
INSERT INTO occurrences VALUES ('urn:occurrence:11046b57-b7f7-4219-90e6-e0656fb8c965','','USP','SPF','','312a','S. Romaniuc-Neto & M.G. Sajo','Erva heliófila','1987','7','25','M. Trovó','','','','Goiás','Alto Paraíso de Goiás','Chapada dos Veadeiros','-14.042261','-47.645143','Eriocaulaceae','Paepalanthus','echinoides','','Paepalanthus echinoides','','sig','ok','','','','centroide de uc','Paepalanthus echinoides Trovó.','false','','','yes','','','Fernanda Wimmer . Marcelo Trovó Lopes de Oliveira','2015-05-15 16:37:51','','');
INSERT INTO occurrences VALUES ('urn:occurrence:143f6bf5-6936-47a3-b471-2afa750674dd','','JBRJ','RB','','647','M.L.O. Trovó','Erva heliófila ocorrendo na beira de estrada.','2015','3','12','M. Trovó','','','','Goiás','Alto Paraíso de Goiás','Fazenda Água Fria','-14.07087','-47.507052','Eriocaulaceae','Paepalanthus','echinoides','','Paepalanthus echinoides','','coletor','ok','','','','','Paepalanthus echinoides Trovó.','false','','','yes','','','Fernanda Wimmer . Marcelo Trovó Lopes de Oliveira','2015-05-15 16:35:50','','');
INSERT INTO occurrences VALUES ('urn:occurrence:150b052c-9f3f-43fc-aba3-e6e27e887166','','JBRJ','RB','','11599','L. Kollmann et al.','Erva heliófila restrita à pequenas manchas de quartzo em meio a uma matriz granítica nos arredores do município de Vargem Alta - ES','2009','5','25','M. Trovó','','','','Espírito Santo','Vargem Alta','Morro de Sal','-20.5658162','-41.005933','Eriocaulaceae','Paepalanthus','capixabensis','','Paepalanthus capixabensis','','coletor','ok','','','','5 a 10 km','Paepalanthus capixabensis Trovó','true','valid','no','no','native','valid','Leonardo Novaes . Ricardo Avancini . Marcelo Trovó Lopes de Oliveira','2015-03-02 12:09:00','','');
INSERT INTO occurrences VALUES ('urn:occurrence:1842220b-c5af-4451-8abe-551b0cf328db','','RB','','','2735','C.N. Fraga, M.M. Saavedra & J. Neri ','','2005','7','17','Forzza','','','','Bahia','São Desidério','Sertaneja, cerca de 4 km de São Desidério na estrada para Correntina. Vegetação sobre lapas de calcário, elev. 581 m.','-12.379444','-44.9516666667','Bromeliaceae','Encholirium ','fragae','','Encholirium fragae','','','ok','','','','','Encholirium fragae Forzza','','','','','','','Leonardo Novaes . Rodrigo Amaro','2014-12-19 13:28:52','','');
INSERT INTO occurrences VALUES ('urn:occurrence:23095625-c14d-4b77-adff-95bac2d2b8fe','','','UEC','','3477','Paula-Souza','','2000','4','25','Loeuille, B.','','','','São Paulo','Caraguatatuba','Parque Estadual da Serra do Mar, núcleo Caraguatatuba, estrada intermediára, ca. 41 km','-23.6466','-45.6725','Asteraceae','Eremanthus','praetermissus','','Eremanthus praetermissus','','coletor','ok','','','','','Eremanthus praetermissus Loeuille','true','valid','no','no','native','valid','Benoît Francis Patrice Loeuille . Leonardo Novaes . Raquel','2015-02-24 13:16:55','','');
INSERT INTO occurrences VALUES ('urn:occurrence:2ac20dc6-a5e0-40b0-8417-13bbe64633da','','','UEC','','3006','Franco','','2000','4','25','Loeuille, B.','','','','São Paulo','Salesópolis','Parque Estadual da Serra do Mar, estrada intermediára, ca. 45 km','-23.6381','-45.6992','Asteraceae','Eremanthus','praetermissus','','Eremanthus praetermissus','','coletor','ok','','','','','Eremanthus praetermissus Loeuille','true','valid','no','no','native','valid','Benoît Francis Patrice Loeuille . Leonardo Novaes . Raquel','2015-02-24 13:17:11','','');
INSERT INTO occurrences VALUES ('urn:occurrence:330f4c7a-953a-45cf-b935-4e025f314dbe','','','UEC','','28740','Leitão Filho','','1993','7','20','Loeuille, B.','','','','São Paulo','Ubatuba ','Estrada da Praia do Tenório ao Fasol','-23.464477','-45.056488','Asteraceae','Eremanthus','praetermissus','','Eremanthus praetermissus','','google earth','ok','','','','5 a 10 km','Eremanthus praetermissus Loeuille','true','valid','no','no','native','valid','Benoît Francis Patrice Loeuille . Leonardo Novaes . Raquel','2015-02-24 13:17:27','','');
INSERT INTO occurrences VALUES ('urn:occurrence:3438c2f9-d41e-4db8-b85e-bf13f5038070','','RB','','607110','s.n','M. Peixoto ','','2008','4','','','','','','Minas Gerais','Diamantina','Vila Olhos d’Água do Oeste, margens da BR 451, 110 km de Diamantina','-17.576111','-43.5213888','Bromeliaceae','Encholirium ','kranzianum','','Encholirium kranzianum','','','ok','','','','','Encholirium kranzianum Leme & Forzza','','','','','','','Leonardo Novaes . Rodrigo Amaro','2014-12-19 13:36:03','','');
INSERT INTO occurrences VALUES ('urn:occurrence:35a7377f-09dc-4409-a7a7-31cc512789e8','','USP','SPF','','2664','C. Munhoz et al.','Erva heliófila','2001','3','27','M. Trovó','','','','Goiás','Alto Paraíso de Goiás','Fazenda Água Fria','-14.072743','-47.499948','Eriocaulaceae','Paepalanthus','echinoides','','Paepalanthus echinoides','','coletor','ok','','','','','Paepalanthus echinoides Trovó.','false','','','yes','','','Fernanda Wimmer . Marcelo Trovó Lopes de Oliveira','2015-05-15 16:35:50','','');
INSERT INTO occurrences VALUES ('urn:occurrence:38f3d3ff-67b9-498c-9246-046d30bb44c9','','RB','','','4078','R.C. Forzza, B.R. Silva & R. Dias-Melo ','','2005','7','17','Forzza','','','','Bahia','Santana','Distrito de Porto Novo. Estrada Santana-Porto Novo, 8 km de Porto Novo, elev. 470m.','-13.235555','-43.9391666','Bromeliaceae','Encholirium ','splendidum','','Encholirium splendidum','','','ok','','','','','Encholirium splendidum Forzza','','','','','','','Leonardo Novaes . Rodrigo Amaro','2015-02-03 11:51:32','','');
INSERT INTO occurrences VALUES ('urn:occurrence:39bfc45b-04ba-4787-91ae-144b61de71cc','','','SPF','','898','Loeuille, B.','','2014','8','4','Loeuille, B.','','','','Minas Gerais','Alvarenga','Pico da Aliança','-19.40167','-41.67639','Asteraceae','Eremanthus','ovatifolius','','Eremanthus ovatifolius','','coletor','ok','Leonardo Novaes','','','5 a 10 km','Eremanthus ovatifolius Loeuille','true','valid','no','no','native','valid','Benoît Francis Patrice Loeuille . Leonardo Novaes . Raquel','2015-03-04 14:02:42','','');
INSERT INTO occurrences VALUES ('urn:occurrence:4d5210f1-509f-42fa-9a57-825e1776c934','','MBML','MBML','','10303','L. Kollmann et al.','Erva heliófila restrita à pequenas manchas de quartzo em meio a uma matriz granítica nos arredores do município de Vargem Alta - ES','2008','1','18','M. Trovó','','','','Espírito Santo','Vargem Alta','Morro de Sal','-20.5658162','-41.005933','Eriocaulaceae','Paepalanthus','capixabensis','','Paepalanthus capixabensis','','coletor','ok','','','','5 a 10 km','Paepalanthus capixabensis Trovó','false','valid','no','yes','native','valid','Leonardo Novaes . Ricardo Avancini . Marcelo Trovó Lopes de Oliveira','2015-03-02 12:09:00','','');
INSERT INTO occurrences VALUES ('urn:occurrence:4f10a6ad-e7ef-44e8-a8a0-6e80cf544522','','MBML','MBML','','11599','L. Kollmann et al.','Erva heliófila restrita à pequenas manchas de quartzo em meio a uma matriz granítica nos arredores do município de Vargem Alta - ES','2009','5','25','M. Trovó','','','','Espírito Santo','Vargem Alta','Morro de Sal','-20.5658162','-41.005933','Eriocaulaceae','Paepalanthus','capixabensis','','Paepalanthus capixabensis','','coletor','ok','','','','5 a 10 km','Paepalanthus capixabensis Trovó','false','valid','no','yes','native','valid','Leonardo Novaes . Ricardo Avancini . Marcelo Trovó Lopes de Oliveira','2015-03-02 12:09:00','','');
INSERT INTO occurrences VALUES ('urn:occurrence:50c7b527-c3e0-4eb6-abc2-d0f502a4dc69','','','SPF','','903','Loeuille, B.','','2014','8','4','Loeuille, B.','','','','Minas Gerais','Alvarenga','Pico da Aliança','-19.3967','-41.6723','Asteraceae','Eremanthus','ovatifolius','','Eremanthus ovatifolius','','coletor','ok','Leonardo Novaes','','','5 a 10 km','Eremanthus ovatifolius Loeuille','true','valid','no','no','native','valid','Benoît Francis Patrice Loeuille . Leonardo Novaes . Raquel','2015-03-04 14:02:42','','');
INSERT INTO occurrences VALUES ('urn:occurrence:6b10989b-5908-4aa8-993a-f377f65fe452','','JBRJ','RB','','3124','Farney','','1992','3','25','Loeuille, B.','','','','Rio de Janeiro','Paraty','Praia Negra - Pico do Caiuruçu','-23.310047','-44.605921','Asteraceae','Eremanthus','praetermissus','','Eremanthus praetermissus','','google earth','ok','','','','1 a 5 km','Eremanthus praetermissus Loeuille','true','valid','no','no','native','valid','Benoît Francis Patrice Loeuille . Leonardo Novaes . Raquel','2015-02-24 13:17:42','','');
INSERT INTO occurrences VALUES ('urn:occurrence:73ca07f9-53e3-4782-8366-4ef35758d0db','','USP','SPF','','2603','C. Munhoz et al.','Erva heliófila','2001','3','10','M. Trovó','','','','Goiás','Alto Paraíso de Goiás','Fazenda Água Fria','-14.072743','-47.499948','Eriocaulaceae','Paepalanthus','echinoides','','Paepalanthus echinoides','','coletor','ok','','','','','Paepalanthus echinoides Trovó.','true','valid','no','no','native','valid','Fernanda Wimmer . Marcelo Trovó Lopes de Oliveira','2015-05-15 16:35:50','','');
INSERT INTO occurrences VALUES ('urn:occurrence:73d0eb3d-c0f7-4de5-b488-bb6744807055','','','UEC','','14996','Sarti','','1973','8','16-17','Loeuille, B.','','','','São Paulo','Ubatuba/Caraguatatuba','','-23.547916','-45.247141','Asteraceae','Eremanthus','praetermissus','','Eremanthus praetermissus','','google earth','ok','','','','10 a 50 km','Eremanthus praetermissus Loeuille','true','valid','no','no','native','valid','Benoît Francis Patrice Loeuille . Leonardo Novaes . Raquel','2015-02-24 13:17:59','','');
INSERT INTO occurrences VALUES ('urn:occurrence:73edbc78-7be0-40d4-8b67-296b778527e4','','','UEC','','1348','Leitão Filho','','1972','6','19','Loeuille, B.','','','','São Paulo','','Rodovia Bertioga - São Sebastião','-23.744947','-45.729713','Asteraceae','Eremanthus','praetermissus','','Eremanthus praetermissus','','google earth','ok','','','','10 a 50 km','Eremanthus praetermissus Loeuille','true','valid','no','no','native','valid','Benoît Francis Patrice Loeuille . Leonardo Novaes . Raquel','2015-02-24 13:18:13','','');
INSERT INTO occurrences VALUES ('urn:occurrence:75f09d2b-02a6-412d-bf6e-17f9d94d246a','','USP','SPF','','1271','C. Munhoz et al.','Erva heliófila','2000','5','8','M. Trovó','','','','Goiás','Alto Paraíso de Goiás','Fazenda Água Fria','-14.171147','-47.51643','Eriocaulaceae','Paepalanthus','echinoides','','Paepalanthus echinoides','','coletor','ok','','','','','Paepalanthus echinoides Trovó.','true','valid','no','no','native','valid','Fernanda Wimmer . Marcelo Trovó Lopes de Oliveira','2015-05-15 16:35:50','','');
INSERT INTO occurrences VALUES ('urn:occurrence:76d96b17-7abe-48aa-b996-c09fdafe260f','','CEPEC','','','1394','M.M.M. Lopes ','','2007','6','8','','','','','Bahia','Coribe','cerca de 4 km de São Félix do Coribe na estrada para Coribe, elev. 520 m.','-13.6258333','-44.30972222','Bromeliaceae','Encholirium ','splendidum','','Encholirium splendidum','','','ok','','','','','Encholirium splendidum Forzza','','','','','','','Leonardo Novaes . Rodrigo Amaro','2015-02-03 11:51:32','','');
INSERT INTO occurrences VALUES ('urn:occurrence:7889c824-f4e5-4f29-8025-fa2ba7797e98','','USP','SPF','','1219','N.L. Menezes','Erva heliófila','1987','5','9','M. Trovó','','','','Goiás','Alto Paraíso de Goiás','Chapada dos Veadeiros','-14.042261','-47.645143','Eriocaulaceae','Paepalanthus','echinoides','','Paepalanthus echinoides','','sig','ok','','','','centroide de uc','Paepalanthus echinoides Trovó.','false','','','yes','','','Fernanda Wimmer . Marcelo Trovó Lopes de Oliveira','2015-05-15 16:37:51','','');
INSERT INTO occurrences VALUES ('urn:occurrence:874315e4-27a5-4c45-a4e7-5d4a7527a5e8','','RB','','','8801','E. Leme ','','2013','11','18','Leme, E.. Forzza, R.C.','','','','Minas Gerais','Bocaiuva','Minas Gerais: Bocaiuva, near the border with Turmalina and Carbonita, 1 km from the Canyon of the Jequitinhonha river, ca. 3 km after the bridge from Caçaratiba, 720 m elev.','-17.2527777778','-43.0969444444','Bromeliaceae','Encholirium ','kranzianum','','Encholirium kranzianum','','','ok','','','','','Encholirium kranzianum Leme & Forzza','','','','','','','Leonardo Novaes . Rodrigo Amaro','2014-12-19 13:36:03','','');
INSERT INTO occurrences VALUES ('urn:occurrence:904f57d2-0f90-450a-a49a-a2a4d3ead16e','','','UEC','','17644','Taroda','','1985','6','17','Loeuille, B.','','','','São Paulo','Ubatuba ','Praia Dura ','-23.491844','-45.17342','Asteraceae','Eremanthus','praetermissus','','Eremanthus praetermissus','','google earth','ok','','','','5 a 10 km','Eremanthus praetermissus Loeuille','true','valid','no','no','native','valid','Benoît Francis Patrice Loeuille . Leonardo Novaes . Raquel','2015-02-24 13:18:28','','');
INSERT INTO occurrences VALUES ('urn:occurrence:91147f43-8631-4c2a-9c80-c77d1576365c','','','ESA','','5793','Paula-Souza','','2006','7','11','Loeuille, B.','','','','São Paulo','Cunha','Subida para Pedra da Macela','-23.1392','-44.8144','Asteraceae','Eremanthus','praetermissus','','Eremanthus praetermissus','','coletor','ok','','','','','Eremanthus praetermissus Loeuille','true','valid','no','no','native','valid','Benoît Francis Patrice Loeuille . Leonardo Novaes . Raquel','2015-02-24 13:18:37','','');
INSERT INTO occurrences VALUES ('urn:occurrence:9a562e21-7c18-4879-9c38-860e739a29bd','','JBRJ','RB','','647','M.L.O. Trovó','Erva heliófila ocorrendo na beira de estrada.','2015','3','12','M. Trovó','','','','Goiás','Alto Paraíso de Goiás','Fazenda Água Fria','-14.07087','-47.507052','Eriocaulaceae','Paepalanthus','echinoides','','Paepalanthus echinoides','','coletor','ok','','','','','Paepalanthus echinoides Trovó.','true','valid','no','no','native','valid','Fernanda Wimmer . Marcelo Trovó Lopes de Oliveira','2015-05-15 16:35:50','','');
INSERT INTO occurrences VALUES ('urn:occurrence:9fc30466-99b6-4859-be6e-298f042a07d0','','CEPEC','','','2744','C.N. Fraga et al. ','','2009','7','20','','','','','Bahia','Coribe','cerca de 5 km de São Félix do Coribe na estrada para Coribe, elev. 454 m.','-13.4313888','-44.22','Bromeliaceae','Encholirium ','splendidum','','Encholirium splendidum','','','ok','','','','','Encholirium splendidum Forzza','','','','','','','Leonardo Novaes . Rodrigo Amaro','2015-02-03 11:51:32','','');
INSERT INTO occurrences VALUES ('urn:occurrence:JBRJ:RB:574103','','JBRJ','RB','574103','354','Oliveira, J.A.','Arbusto escandente, 1 a 1,8 m alt., a meia-sombra, frequente embaixo da mata sobre afloramento. Folhas discolores, inflorescência e cálice verdes, corola lilás com fauce alva. Frutos imaturos verdes, maduros castanhos. Material em sílica. Material prensad','2013','4','22','J.A. Oliveira','','','','Espírito Santo','Água Doce do Norte','Morro da torre de celular. Topo do inselbergue, mata sobre afloramento rochoso com palmeiras, Alcantarea, Encholirium horridum e Vellosia plicata.','-18.5697223','-40.9852777','Rubiaceae','Bradea','borrerioides','','Bradea borrerioides','','','ok','','','','','Bradea borrerioides J.A.Oliveira & Sobrado','true','valid','no','no','native','valid','Ricardo Avancini . Juliana Amaral de Oliveira','2014-12-15 14:19:25','','');
INSERT INTO occurrences VALUES ('urn:occurrence:JBRJ:RB:598390','','JBRJ','RB','598390','7790','Forzza, R.C.','Arbusto, ca. 50 cm alt., rara. Flores com cálice verde. corola alva. Frutos verdes.','2014','2','14','J.A. Oliveira','','','','Espírito Santo','Nova Venécia','Inselbergue.','-18.7169445','-40.5458333','Rubiaceae','Bradea','borrerioides','','Bradea borrerioides','','','ok','','','','','Bradea borrerioides J.A.Oliveira & Sobrado','true','valid','no','no','native','valid','Ricardo Avancini . Juliana Amaral de Oliveira','2014-12-15 14:19:47','','');
INSERT INTO occurrences VALUES ('urn:occurrence:JBRJ:RB:598406','','JBRJ','RB','598406','7807','Forzza, R.C.','Arbusto, 0,5-1,2 m alt., rara, em pequenas moitas no inselbergue. Ramos da inflorescência decumbentes. Flores com cálice verde. corola alva.','2014','2','15','J.A. Oliveira','','','','Espírito Santo','Nova Venécia','Distrito de Cristalina, próximo ao Km 101 da BR 381. Inselbergue.','-18.8141667','-40.635','Rubiaceae','Bradea','borrerioides','','Bradea borrerioides','','','ok','','','','','Bradea borrerioides J.A.Oliveira & Sobrado','true','valid','no','no','native','valid','Ricardo Avancini . Juliana Amaral de Oliveira','2014-12-15 14:20:03','','');
INSERT INTO occurrences VALUES ('urn:occurrence:JBRJ:RB:598478','','JBRJ','RB','598478','7874','Forzza, R.C.','Arbusto, frequente, 50-70 cm alt. Frutos verdes.','2014','2','16','J.A. Oliveira','','','','Espírito Santo','Vila Pavão','Barra da Rapadura. Fazenda do Sr. Wagner Scardini. Inselbergue.','-18.7072222','-40.5930555','Rubiaceae','Bradea','borrerioides','','Bradea borrerioides','','','ok','','','','','Bradea borrerioides J.A.Oliveira & Sobrado','true','valid','no','no','native','valid','Ricardo Avancini . Juliana Amaral de Oliveira','2014-12-15 14:20:15','','');
INSERT INTO occurrences VALUES ('urn:occurrence:MBML:MBML-HERBARIO:34844','','MBML','MBML-HERBARIO','34844','10975','L. Kollmann','Erva no sol. Flores lilás.','2008','04','28','J.A. Oliveira','','','','Espírito Santo','Água Doce do Norte','Santa Luzia do Córrego Azul','-18.421667','-41.121111','Rubiaceae','Bradea','borrerioides','','Bradea borrerioides','','','ok','','','','','Bradea borrerioides J.A.Oliveira & Sobrado','true','valid','no','no','native','valid','Ricardo Avancini . Juliana Amaral de Oliveira','2014-12-15 14:20:27','','');
INSERT INTO occurrences VALUES ('urn:occurrence:MBML:MBML-HERBARIO:37226','','MBML','MBML-HERBARIO','37226','5077','A. P. Fontana','Erva, ca. 50cm. Flores brancas.','2008','04','27','J.A. Oliveira','','','','Espírito Santo','Água Doce do Norte','Córrego Havaí, torre de celular/rampa de voo livre, topo, afloramento rochoso.','-18.569278','-40.98525','Rubiaceae','Bradea','borrerioides','','Bradea borrerioides','','','ok','','','','','Bradea borrerioides J.A.Oliveira & Sobrado','true','valid','no','no','native','valid','Ricardo Avancini . Juliana Amaral de Oliveira','2014-12-15 14:20:40','','');
INSERT INTO occurrences VALUES ('urn:occurrence:UFMG:BHCB:159553','','UFMG','BHCB','159553','303','Paula, L.F.A. de. Augsten, M.','Alt.: 560 m','2011','04','16','Sobrado','','','','Minas Gerais','Teófilo Otoni','MG 418','-17.855972','-41.260944','Rubiaceae','Borreria','borrerioides','','Bradea borrerioides','','','ok','','','','','Bradea borrerioides J.A.Oliveira & Sobrado','true','valid','no','no','native','valid','Ricardo Avancini . Juliana Amaral de Oliveira','2014-12-15 14:20:52','','');
INSERT INTO occurrences VALUES ('urn:occurrence:UFMG:BHCB:159554','','UFMG','BHCB','159554','355','Paula, L.F.A. de. Augsten, M.','Alt.: 560 m','2011','04','16','Sobrado','','','','Minas Gerais','Teófilo Otoni','MG 418','-17.855972','-41.260944','Rubiaceae','Borreria','borrerioides','','Bradea borrerioides','','','ok','','','','','Bradea borrerioides J.A.Oliveira & Sobrado','true','valid','no','no','native','valid','Ricardo Avancini . Juliana Amaral de Oliveira','2014-12-15 14:21:04','','');
INSERT INTO occurrences VALUES ('urn:occurrence:a773b895-00b8-4dbf-9c36-096c7f215721','','','SPF','','830','Loeuille, B.','','2013','6','17','Loeuille, B.','','','','São Paulo','Biritiba Mirim','Pedra do Garafão','-23.6592','-46.0364','Asteraceae','Eremanthus','praetermissus','','Eremanthus praetermissus','','coletor','ok','','','','','Eremanthus praetermissus Loeuille','true','valid','no','no','native','valid','Benoît Francis Patrice Loeuille . Leonardo Novaes . Raquel','2015-02-24 13:18:51','','');
INSERT INTO occurrences VALUES ('urn:occurrence:b39c3b29-91ba-4157-a940-bf48b1309839','','','SPF','','19','Luize','','2007','7','22','Loeuille, B.','','','','São Paulo','Ubatuba','Parque Estadual da Ilha Anchieta, Mirante do Sul','-23.5167','-45.0333','Asteraceae','Eremanthus','praetermissus','','Eremanthus praetermissus','','coletor','ok','','','','','Eremanthus praetermissus Loeuille','true','valid','no','no','native','valid','Benoît Francis Patrice Loeuille . Leonardo Novaes . Raquel','2015-02-24 13:19:13','','');
INSERT INTO occurrences VALUES ('urn:occurrence:b47a011a-05a3-4313-9c17-3fff214fa7b6','','USP','SPF','','2603','C. Munhoz et al.','Erva heliófila','2001','3','10','M. Trovó','','','','Goiás','Alto Paraíso de Goiás','Fazenda Água Fria','-14.072743','-47.499948','Eriocaulaceae','Paepalanthus','echinoides','','Paepalanthus echinoides','','coletor','ok','','','','','Paepalanthus echinoides Trovó.','false','','','yes','','','Fernanda Wimmer . Marcelo Trovó Lopes de Oliveira','2015-05-15 16:35:50','','');
INSERT INTO occurrences VALUES ('urn:occurrence:bb9d45ca-2ca4-4cd1-a0db-cfc5a93d31a9','','','UEC','','17644','Semir','','1985','6','17','Loeuille, B.','','','','São Paulo','Ubatuba ','Praia Dura ','-23.491844','-45.17342','Asteraceae','Eremanthus','praetermissus','','Eremanthus praetermissus','','google earth','ok','','','','5 a 10 km','Eremanthus praetermissus Loeuille','true','valid','no','no','native','valid','Benoît Francis Patrice Loeuille . Leonardo Novaes . Raquel','2015-02-24 13:19:25','','');
INSERT INTO occurrences VALUES ('urn:occurrence:c096738f-7a06-4d7c-aa57-46b7323f52ce','','HUEFS','','','1188','R.M. Castro ','','2005','4','10','','','','','Bahia','Coribe','Alagoinha','-13.93333','-44.732222','Bromeliaceae','Encholirium ','splendidum','','Encholirium splendidum','','','ok','','','','','Encholirium splendidum Forzza','','','','','','','Leonardo Novaes . Rodrigo Amaro','2015-02-03 11:51:32','','');
INSERT INTO occurrences VALUES ('urn:occurrence:c1ef4b9c-b9bb-4774-8da9-eca5c4c6ee97','','JBRJ','RB','','10303','L. Kollmann et al.','Erva heliófila restrita à pequenas manchas de quartzo em meio a uma matriz granítica nos arredores do município de Vargem Alta - ES','2008','1','18','M. Trovó','','','','Espírito Santo','Vargem Alta','Morro de Sal','-20.5658162','-41.005933','Eriocaulaceae','Paepalanthus','capixabensis','','Paepalanthus capixabensis','','coletor','ok','','','','5 a 10 km','Paepalanthus capixabensis Trovó','true','valid','no','no','native','valid','Leonardo Novaes . Ricardo Avancini . Marcelo Trovó Lopes de Oliveira','2015-03-02 12:09:00','','');
INSERT INTO occurrences VALUES ('urn:occurrence:c20cd6f0-f24d-4d3e-a5d5-701fe8b6521b','','','SPF','','905','Bertoncello','','2007','5','18','Loeuille, B.','','','','São Paulo','Ubatuba ','Parque Estadual da Serra do Mar, Morro do Cuscuzeiro','-23.307431','-44.790747','Asteraceae','Eremanthus','praetermissus','','Eremanthus praetermissus','','google earth','ok','','','','1 a 5 km','Eremanthus praetermissus Loeuille','true','valid','no','no','native','valid','Benoît Francis Patrice Loeuille . Leonardo Novaes . Raquel','2015-02-24 13:19:36','','');
INSERT INTO occurrences VALUES ('urn:occurrence:c36caa90-1b86-4b7a-9024-de57cd01afd1','','USP','SPF','','1219','N.L. Menezes','Erva heliófila','1987','5','9','M. Trovó','','','','Goiás','Alto Paraíso de Goiás','Chapada dos Veadeiros','-14.042261','-47.645143','Eriocaulaceae','Paepalanthus','echinoides','','Paepalanthus echinoides','','sig','ok','','','','centroide de uc','Paepalanthus echinoides Trovó.','true','valid','no','no','native','valid','Fernanda Wimmer . Marcelo Trovó Lopes de Oliveira','2015-05-15 16:37:51','','');
INSERT INTO occurrences VALUES ('urn:occurrence:c380f708-3b15-41d2-9097-876c73f51b21','','JBRJ','RB','','19995','A.C. Brade','Erva heliófila restrita à pequenas manchas de quartzo em meio a uma matriz granítica nos arredores do município de Vargem Alta - ES','1949','5','','M. Trovó','','','','Espírito Santo','Vargem Alta','Morro de Sal','-20.683716','-41.009919','Eriocaulaceae','Paepalanthus','capixabensis','','Paepalanthus capixabensis','','coletor','ok','','','','5 a 10 km','Paepalanthus capixabensis Trovó','true','valid','no','no','native','valid','Leonardo Novaes . Ricardo Avancini . Marcelo Trovó Lopes de Oliveira','2015-03-02 12:09:00','','');
INSERT INTO occurrences VALUES ('urn:occurrence:cbd38942-c337-4440-a43e-4e9bf8cf0f82','','RB','','','275','M.C. Machado ','','2007','7','13','','','','','Bahia','Santana','8 km ao norte de Porto Novo, elev. 465m.','-13.238611','-43.935555','Bromeliaceae','Encholirium ','splendidum','','Encholirium splendidum','','','ok','','','','','Encholirium splendidum Forzza','','','','','','','Leonardo Novaes . Rodrigo Amaro','2015-02-03 11:51:32','','');
INSERT INTO occurrences VALUES ('urn:occurrence:dad16f61-778a-4854-bdcb-4a06923b22cf','','JBRJ','RB','','19336','A.C. Brade','Erva heliófila restrita à pequenas manchas de quartzo em meio a uma matriz granítica nos arredores do município de Vargem Alta - ES','1948','8','21','M. Trovó','','','','Espírito Santo','Vargem Alta','Morro de Sal','-20.680907','-41.004169','Eriocaulaceae','Paepalanthus','capixabensis','','Paepalanthus capixabensis','','coletor','ok','','','','5 a 10 km','Paepalanthus capixabensis Trovó','true','valid','no','no','native','valid','Leonardo Novaes . Ricardo Avancini . Marcelo Trovó Lopes de Oliveira','2015-03-02 12:09:00','','');
INSERT INTO occurrences VALUES ('urn:occurrence:e4e191da-521d-4cad-b7aa-b269b7ee5dfc','','USP','SPF','','312a','S. Romaniuc-Neto & M.G. Sajo','Erva heliófila','1987','7','25','M. Trovó','','','','Goiás','Alto Paraíso de Goiás','Chapada dos Veadeiros','-14.042261','-47.645143','Eriocaulaceae','Paepalanthus','echinoides','','Paepalanthus echinoides','','sig','ok','','','','centroide de uc','Paepalanthus echinoides Trovó.','true','valid','no','no','native','valid','Fernanda Wimmer . Marcelo Trovó Lopes de Oliveira','2015-05-15 16:37:51','','');
INSERT INTO occurrences VALUES ('urn:occurrence:e7dafd25-9694-4ac1-aa6b-a2812b8edc72','','HUEFS','','','12834','Queiroz et al. ','','2007','4','11','','','','','Bahia','Coribe','cerca de 5 km S de São Félix do Coribe na estrada para Coribe, elev. 545 m.','-13.5861111','-44.32','Bromeliaceae','Encholirium ','splendidum','','Encholirium splendidum','','','ok','Leonardo Novaes','','','','Encholirium splendidum Forzza','true','','','','','','Leonardo Novaes . Rodrigo Amaro','2015-02-03 11:51:32','','');
INSERT INTO occurrences VALUES ('urn:occurrence:f0181a9c-c82d-4b63-9c76-530e0b8d51a0','','RB','','','1551','B.R. Silva & A. Ratusniak','','2007','7','13','','','','','Bahia','Santana','Distrito de Porto Novo. Estrada Santana-Porto Novo, 8 km de Porto Novo, ele. 470m.','-13.235555','-43.9391666','Bromeliaceae','Encholirium ','splendidum','','Encholirium splendidum','','','ok','','','','','Encholirium splendidum Forzza','','','','','','','Leonardo Novaes . Rodrigo Amaro','2015-02-03 11:51:32','','');
INSERT INTO occurrences VALUES ('urn:occurrence:f6053c10-ff73-4780-8a85-099c1d41d8b7','','USP','SPF','','1271','C. Munhoz et al.','Erva heliófila','2000','5','8','M. Trovó','','','','Goiás','Alto Paraíso de Goiás','Fazenda Água Fria','-14.171147','-47.51643','Eriocaulaceae','Paepalanthus','echinoides','','Paepalanthus echinoides','','coletor','ok','','','','','Paepalanthus echinoides Trovó.','false','','','yes','','','Fernanda Wimmer . Marcelo Trovó Lopes de Oliveira','2015-05-15 16:35:50','','');
INSERT INTO occurrences VALUES ('urn:occurrence:fa035813-5a9a-43d2-a44e-e59a0765eee7','','USP','SPF','','2664','C. Munhoz et al.','Erva heliófila','2001','3','27','M. Trovó','','','','Goiás','Alto Paraíso de Goiás','Fazenda Água Fria','-14.072743','-47.499948','Eriocaulaceae','Paepalanthus','echinoides','','Paepalanthus echinoides','','coletor','ok','','','','','Paepalanthus echinoides Trovó.','true','valid','no','no','native','valid','Fernanda Wimmer . Marcelo Trovó Lopes de Oliveira','2015-05-15 16:35:50','','');
CREATE TABLE IF NOT EXISTS status (family VARCHAR(5000) , scientificNameWithoutAuthorship VARCHAR(5000) , scientificNameAuthorship VARCHAR(5000) , analysis VARCHAR(5000) , assessment VARCHAR(5000) , category VARCHAR(5000) , criteria VARCHAR(5000));
INSERT INTO status VALUES ('ERIOCAULACEAE','Paepalanthus velutiphyllus','','','','','');
INSERT INTO status VALUES ('Asteraceae','Eremanthus praetermissus','Loeuille','done','comments','VU','B1ab(i,ii,iii,iv,v)+2ab(i,ii,iii,iv,v)');
INSERT INTO status VALUES ('Asteraceae','Eremanthus ovatifolius','Loeuille','done','comments','CR','B2ab(ii,iii,iv,v)');
INSERT INTO status VALUES ('ERIOCAULACEAE','Paepalanthus capixabensis','Trovó','done','comments','CR','B1ab(i,ii,iii,iv)');
INSERT INTO status VALUES ('RUBIACEAE','Bradea pubescens','Brade ex J.A.Oliveira','','','','');
INSERT INTO status VALUES ('RUBIACEAE','Bradea arenicola ','J.A.Oliveira','','','','');
INSERT INTO status VALUES ('ERIOCAULACEAE','Paepalanthus farinaceus','','','','','');
INSERT INTO status VALUES ('ERIOCAULACEAE','Paepalanthus argyrotrychus','','open','','','');
INSERT INTO status VALUES ('RUBIACEAE','Bradea laeterosea ','J.A.Oliveira','','','','');
INSERT INTO status VALUES ('RUBIACEAE','Bradea borrerioides','J.A.Oliveira & Sobrado','done','comments','EN','B1ab(i,ii,iii,iv,v)+2ab(i,ii,iii,iv,v).D1');
INSERT INTO status VALUES ('BROMELIACEAE','Encholirium fragae','Forzza','done','review','DD','');
INSERT INTO status VALUES ('BROMELIACEAE','Encholirium kranzianum','Leme & Forzza','done','review','CR','B2ab(i,ii,iii)');
INSERT INTO status VALUES ('BROMELIACEAE','Encholirium splendidum','Forzza','done','review','EN','B1ab(i,ii,iii)+2ab(i,ii,iii)');
INSERT INTO status VALUES ('ERIOCAULACEAE','Paepalanthus echinoides','Trovó.','done','comments','EN','A3cd.B2ab(i,ii,iii,iv,v)');
INSERT INTO status VALUES ('RUBIACEAE','Bradea sessilifolia ','J.A.Oliveira','','','','');
INSERT INTO status VALUES ('','','','open','','','');
INSERT INTO status VALUES ('','','','open','','','');
CREATE TABLE IF NOT EXISTS occurrences_count (family VARCHAR(5000) , acceptedNameUsage VARCHAR(5000) , valid VARCHAR(5000) , invalid VARCHAR(5000) , not_validated VARCHAR(5000) , sig_ok VARCHAR(5000) , sig_nok VARCHAR(5000) , no_sig VARCHAR(5000) , used VARCHAR(5000) , unused VARCHAR(5000) , total VARCHAR(5000));
INSERT INTO occurrences_count VALUES ('ERIOCAULACEAE','Paepalanthus capixabensis Trovó','5','2','0','7','0','0','5','2','7');
INSERT INTO occurrences_count VALUES ('Asteraceae','Eremanthus ovatifolius Loeuille','3','0','0','3','0','0','3','0','3');
INSERT INTO occurrences_count VALUES ('ERIOCAULACEAE','Paepalanthus echinoides Trovó.','6','6','0','12','0','0','6','6','12');
INSERT INTO occurrences_count VALUES ('BROMELIACEAE','Encholirium fragae Forzza','0','0','1','1','0','0','0','1','1');
INSERT INTO occurrences_count VALUES ('Asteraceae','Eremanthus praetermissus Loeuille','12','0','0','12','0','0','12','0','12');
INSERT INTO occurrences_count VALUES ('BROMELIACEAE','Encholirium kranzianum Leme & Forzza','0','0','2','2','0','0','0','2','2');
INSERT INTO occurrences_count VALUES ('BROMELIACEAE','Encholirium splendidum Forzza','1','0','6','7','0','0','1','6','7');
INSERT INTO occurrences_count VALUES ('RUBIACEAE','Bradea borrerioides J.A.Oliveira & Sobrado','8','0','0','8','0','0','8','0','8');
CREATE TABLE IF NOT EXISTS threats (family VARCHAR(5000) , scientificName VARCHAR(5000) , threat VARCHAR(5000) , incidence VARCHAR(5000) , timing VARCHAR(5000) , decline VARCHAR(5000) , details VARCHAR(5000) , references VARCHAR(5000));
INSERT INTO threats VALUES ('RUBIACEAE','Bradea borrerioides','1.3 Tourism & recreation areas','local','past.present.future','habitat.mature individuals','Os inselbergues são muito utilizados como mirantes e rampas de vôo livre, que levam ao pisoteio da vegetação e assim a perda da qualidade do habitat (Oliveira com. pess). A subpopulação tipo (J.A. Oliveira 354) está próxima a uma rampa de vôo livre (Oliveira com. pess.).','');
INSERT INTO threats VALUES ('RUBIACEAE','Bradea borrerioides','2 Agriculture & aquaculture','regional','past.present.future','occupancy.occurrence.habitat','A matriz de entorno dos inselbergues possui um longo histórico de uso da terra para a agricultura (Oliveira & Sobrado no prelo). Porém, há uma tendência atual de uso dos inselbergues para a agricultura (Oliveira & Sobrado no prelo). Existem áreas de plantio de café e eucalipto nos afloramentos em diversas localidades no estado do Espírito Santo (Oliveira com. pess.).','Oliveira & Sobrado (2015, no prelo). Bradea borrerioides (Rubiaceae), a new species from Brazilian inselbergs');
INSERT INTO threats VALUES ('RUBIACEAE','Bradea borrerioides','3.2 Mining & quarrying','local','past.present.future','occupancy.occurrence','A implosão dos inselbergues para extração de granito é algo recorrente no estado do Espírito Santo. O inselbergue onde ocorre a subpopulação representada pelo material L. Kollmann 10975 possui uma pedreira de extração de granito (Oliveira & Sobrado 2015, no prelo). Pedreiras foram observadas na região da subpopulação tipo (Oliveira com. pess.) e próximo às subpopulações na região de Nova Venécia e Vila Pavão (Forzza com. pess.).
O Estado do Espírito Santo é responsável por 55% da produção nacional de rochas ornamentais, sendo essa a principal atividade econômica dos municípios da região noroeste (DNPM, 2006). O município de Nova Venécia liderou a arrecadação no estado, alcançando R$ 612.435,18 em produção de rochas ornamentais (DNPM, 2006). Entretanto, a exploração conduzida em desrespeito a legislação mineral, ambiental e de segurança do trabalho, tem ocasionado constantes ações de paralisação das atividades (Silva, 2011). Além disso, ainda não existe um diagnóstico/monitoramento da atividade demonstrando a abrangência da exploração, quantas e quais empresas estão envolvidas bem como, o passivo ambiental gerado pelas frentes de lavra paralisadas ou abandonadas (Silva, 2011).','Oliveira & Sobrado (2015, no prelo). Bradea borrerioides (Rubiaceae), a new species from Brazilian inselbergs.DNPM, 2006. Departamento Nacional de Produção Mineral. Sumário Mineral. Brasília, DF: Ministério de Minas e Energia..Silva, C.A.da. 2011. Sensoriamento Remoto e Geoprocessamento Aplicados ao Ordenamento Mineral: Estudo de Caso da Exploração de Rochas Ornamentais no Noroeste do Espírito Santo. Anais XV Simpósio Brasileiro de Sensoriamento Remoto - SBSR, Curitiba, PR, INPE p.3882. ');
INSERT INTO threats VALUES ('RUBIACEAE','Bradea borrerioides','8.1.1 Unspecified species','local','past.present.future','habitat.mature individuals','Áreas com gramíneas invasoras foram observadas na localidade de ocorrência da subpopulação tipo (J.A. Oliveira 354), em Água Doce do Norte (Oliveira com. pess.).','');
INSERT INTO threats VALUES ('RUBIACEAE','Bradea borrerioides','1.1 Housing & urban areas','local','past.future','occupancy.occurrence','É comum a utilização dos inselbergues para a instalação de torres de celulares, antenas de tv e outras tecnologias. Para isto, é criada uma estrada até o topo do afloramento e a construção da estrutura no local, o que ocorre com a supressão da vegetação (Oliveira com. pess.).  Isto pode ser observado na localidade da subpopulação tipo (Oliveira com. pess.). A construção de novas torres e antenas na área de ocupação de Bradea borrerioides se configura como uma ameaça à espécie.','');
INSERT INTO threats VALUES ('BROMELIACEAE','Encholirium fragae','3.2 Mining & quarrying','local','past.present.future','habitat.locality.occurrence.mature individuals.occupancy','A maior ameaça para as espécies do gênero Encholirum que habitam afloramentos calcário está na extração mineral para produção de concreto, uma atividade freqüente nas regiões dos vales do Jequitinhonha e do São Francisco, pricipalmente nas regiões próximas a áreas urbanas e rodovias em desenvolvimentos (Forzza & Leme, 2015).','');
INSERT INTO threats VALUES ('BROMELIACEAE','Encholirium kranzianum','2.3 Livestock farming & ranching','local','past.present.future','habitat','A região de ocorrência da espécie, no estado de Minas Gerais, é fortemente influenciada (direta e indiretamente) pela atividade pecuarista (Sano, 2010). ','Sano, E.E.. Rosa. R.. Brito, J.L.S. & Ferreira, L.G. 2010. Mapeamento do uso do solo e cobertura vegetal - Bioma Cerrado: ano base 2002. Brasília, Distrito Federal. MMA/Série Biodiversidades, 36. 96 p.');
INSERT INTO threats VALUES ('BROMELIACEAE','Encholirum splendidum','7 Natural system modifications','local','past.present.future','habitat.occupancy.mature individuals','A espécie é ameaçadas pelo desmatamento da vegetação circundante, que leva à degradação do habitat devido ao aumento dos riscos de incêndio e a chegada de espécies invasoras (Leme & Forzza, 2015). ','');
INSERT INTO threats VALUES ('BROMELIACEAE','Encholirum splendidum','3.2 Mining & quarrying','local','past.present.future','locality.habitat.occupancy.occurrence.mature individuals','Uma de suas populações conhecidas é diretamente afetada pela mineração de calcário para a fabricação de cimento (Leme & Forzza, 2015).','');
INSERT INTO threats VALUES ('BROMELIACEAE','Encholirum splendidum','8.1.1 Unspecified species','','','','A invasão de espécies exóticas é uma das ameaças existentes na região (Leme & Forzza, 2015). ','');
INSERT INTO threats VALUES ('BROMELIACEAE','Encholirium splendidum','7 Natural system modifications','local','past.present.future','habitat.occupancy.occurrence','A espécie é ameaçadas pelo desmatamento da vegetação circundante, que leva à degradação do habitat devido ao aumento dos riscos de incêndio e a chegada de espécies invasoras (Leme & Forzza, 2015).','Forzza R.C. & Leme, E.M.C. 2015. Three new species of Encholirium (Bromeliaceae) from eastern Brazil.');
INSERT INTO threats VALUES ('BROMELIACEAE','Encholirium splendidum','3.2 Mining & quarrying','local','past.present.future','locality.habitat.occupancy.occurrence.mature individuals','Uma de suas populações conhecidas é diretamente afetada pela mineração de calcário para a fabricação de cimento (Leme & Forzza, 2015).','Forzza R.C. & Leme, E.M.C. 2015. Three new species of Encholirium (Bromeliaceae) from eastern Brazil.');
INSERT INTO threats VALUES ('BROMELIACEAE','Encholirium splendidum','8.1.1 Unspecified species','local','past.present.future','occupancy.occurrence.habitat','A invasão de espécies exóticas é uma das ameaças existentes na região (Leme & Forzza, 2015).','Forzza R.C. & Leme, E.M.C. 2015. Three new species of Encholirium (Bromeliaceae) from eastern Brazil.');
INSERT INTO threats VALUES ('Asteraceae','Eremanthus praetermissus','5.3.1 Intentional use: subsistence/small scale (species being assessed is the target) [harvest]','local','past.present','','Madeira da espécie é usado para construir cerca e pequenas pontes. (Loeuille, com. pess.).','');
INSERT INTO threats VALUES ('Asteraceae','Eremanthus praetermissus','1.3 Tourism & recreation areas','local','past.present','','Áreas de Restinga são desmatadas para construir pousadas e resort (Buzato, 2012)','Buzato, E., 2012. Avaliação de impactos ambientais no município de Ubatuba : uma proposta a partir dos geoindicadores. Universidade de São Paulo.');
INSERT INTO threats VALUES ('Asteraceae','Eremanthus ovatifolius','5.1.1 Intentional use (species being assessed is the target)','local','past.present','','A madeira da espécie é usado para construir cerca e pequenas pontes (Loeuille, com. pess.).','');
INSERT INTO threats VALUES ('ERIOCAULACEAE','Paepalanthus capixabensis','1.1 Housing & urban areas','local','present','habitat.locality.occupancy.occurrence','A espécie não ocorre em nenhuma Unidade de Conservação (Trovó et al., in prep.). Na área de ocorrência da espécie existe a expansão de fazendas e da mancha urbana. (Trovó, com. pes.)','Trovó, M.. Nicoletti, C. & Sano, P.T. Paepalanthus capixabensis, a new microendemic species from Espírito Santo, Brazil. Phytotaxa (in prep.)');
INSERT INTO threats VALUES ('ERIOCAULACEAE','Paepalanthus capixabensis','2 Agriculture & aquaculture','local','present','habitat.occupancy.locality.occurrence','Na área de ocorrência da espécie existem inúmeras fazendas em expansão (Trovó, in prep.). O município de Vargem Alta (ES) apresenta maior porcentagem de terras em área rural e uma das maiores áreas de monocultura de café (Pastro, 2012), de forma que a conversão dos ecossistemas representa uma ameaça a espécies (Pastro, in prep.).','Pastro, M.S. 2012. Estabelecimento de diretrizes para um programa de manejo de nascentes na bacia do Rio Itapemirim – ES. Monografia de Conclusão de Curso, UFRRJ, Seropéidica (RJ)');
INSERT INTO threats VALUES ('ERIOCAULACEAE','Paepalanthus echinoides','2 Agriculture & aquaculture','local','present','locality.habitat.occupancy.occurrence','O entorno do Parque Nacional da Chapada dos Veadeiros vem sofrendo pressão antrópica e a consequente perda das populações naturais da espécie (Trovó et al. in prep.)','Trovó et al. (in prep.) Paepalanthus echinoides (Eriocaulaceae), a new species from Central Brazil with notes on leaf and scape anatomy. Phytotaxa (in prep.)');
INSERT INTO threats VALUES ('ERIOCAULACEAE','Paepalanthus argyrotrychus','3.2 Mining & quarrying','local','present','habitat.','No local há intensa extração de areia.','');
CREATE TABLE IF NOT EXISTS actions (family VARCHAR(5000) , scientificName VARCHAR(5000) , action VARCHAR(5000) , situation VARCHAR(5000) , details VARCHAR(5000) , references VARCHAR(5000));
INSERT INTO actions VALUES ('RUBIACEAE','Bradea borrerioides','1.1 Site/area protection','needed','Há uma grande carência de unidades de conservação para a proteção dos inselbergues nos estados do Espírito Santo e Minas Gerais. Nenhuma das subpopulações de Bradea borrerioides se encontra protegida por UCs (Oliveira & Sobrado no prelo). Plantas endêmicas de inselbergues muitas vezes não sobrevivem em coleções ex situ pelo fato de as condições climatológicas e ecológicas deste habitat serem de difícil reprodução em coleções ex situ (Oliveira & Sobrado no prelo). Assim, a criação de UCs para preservação in situ é de extrema importância para a sobrevivência da espécie.
','');
INSERT INTO actions VALUES ('Asteraceae','Eremanthus praetermissus','1.1 Site/area protection','on going','A espécie ocorre em localidades de três Unidades de Conservação de proteção integral: Parque Estadual da Serra do Mar, núcleo Caraguatatuba (Paula-Souza. 3477. Franco. 3006), Parque Estadual da Ilha Anchieta, Mirante do Sul (Luize.19) e Parque Estadual da Serra do Mar, Morro do Cuscuzeiro (Bertoncello. 905).
','');
INSERT INTO actions VALUES ('Asteraceae','Eremanthus ovatifolius','1.1 Site/area protection','needed','O Pico da Aliança apresenta uma flora rica com varias espécies novas sendo descritas atualmente (Loeuille, com. pess.). Entretanto a área não está protegida por nenhuma UC (Loeuille, com. pess.). Apesar de abundante, a espécie é localmente restrita a essa região (Loeuille and Pirani, em prep.). ','');
INSERT INTO actions VALUES ('ERIOCAULACEAE','Paepalanthus capixabensis','1.1 Site/area protection','needed','A espécie não ocorre em nenhuma unidade de conservação (Trovó et al. in prep.)','Trovó, M.. Nicoletti, C. & Sano, P.T. Paepalanthus capixabensis, a new microendemic species from Espírito Santo, Brazil. Phytotaxa (in prep.)');
INSERT INTO actions VALUES ('ERIOCAULACEAE','Paepalanthus argyrotrychus','1.1 Site/area protection','needed','No local ocorrem outras espécies micro-endêmicas e seria necessário proteger a área, pelo menos uma parte da serra.','');
CREATE TABLE IF NOT EXISTS synonyms (family VARCHAR(5000) , scientificNameWithoutAuthorship VARCHAR(5000) , scientificNameAuthorship VARCHAR(5000) , acceptedNameUsage VARCHAR(5000));
CREATE TABLE IF NOT EXISTS ecology (family VARCHAR(5000) , scientificName VARCHAR(5000) , lifeForm VARCHAR(5000) , fenology VARCHAR(5000) , luminosity VARCHAR(5000) , substratum VARCHAR(5000) , longevity VARCHAR(5000) , resprout VARCHAR(5000));
INSERT INTO ecology VALUES ('RUBIACEAE','Bradea borrerioides','subshrub','perenifolia','mesophytic','saxicolous','unkown','unkown');
INSERT INTO ecology VALUES ('BROMELIACEAE','Encholirium fragae','herb','','','rupicolous','','');
INSERT INTO ecology VALUES ('BROMELIACEAE','Encholirium kranzianum','herb','','','rupicolous','','');
INSERT INTO ecology VALUES ('BROMELIACEAE','Encholirum splendidum','herb','','','rupicolous','','');
INSERT INTO ecology VALUES ('BROMELIACEAE','Encholirium splendidum','herb','','','rupicolous','','');
INSERT INTO ecology VALUES ('Asteraceae','Eremanthus praetermissus','small tree','perenifolia','heliophytic','terrestrial','perennial','unkown');
INSERT INTO ecology VALUES ('Asteraceae','Eremanthus ovatifolius','small tree','perenifolia','heliophytic','terrestrial','perennial','unkown');
INSERT INTO ecology VALUES ('ERIOCAULACEAE','Paepalanthus capixabensis','herb','perenifolia','heliophytic','terrestrial','perennial','yes');
INSERT INTO ecology VALUES ('ERIOCAULACEAE','Paepalanthus echinoides','herb','','heliophytic','terrestrial','unkown','unkown');
INSERT INTO ecology VALUES ('ERIOCAULACEAE','Paepalanthus argyrotrychus','herb','perenifolia','heliophytic','terrestrial','unkown','unkown');
CREATE TABLE IF NOT EXISTS uses (family VARCHAR(5000) , scientificName VARCHAR(5000) , use VARCHAR(5000) , resource VARCHAR(5000) , details VARCHAR(5000) , references VARCHAR(5000));
INSERT INTO uses VALUES ('Asteraceae','Eremanthus praetermissus','9. Construction/structural materials','stalk','Madeira da espécie é usado para construir cerca e pequenas pontes. (Loeuille com. pess.).','');
INSERT INTO uses VALUES ('Asteraceae','Eremanthus ovatifolius','9. Construction/structural materials','stalk','A madeira da espécie é usado para construir cerca e pequenas pontes (Loeuille, com. pess.).','');
INSERT INTO uses VALUES ('ERIOCAULACEAE','Paepalanthus argyrotrychus','17. Unknown','','','');
INSERT INTO uses VALUES ('ERIOCAULACEAE','Paepalanthus argyrotrychus','17. Unknown','','','');
CREATE TABLE IF NOT EXISTS habitats (family VARCHAR(5000) , scientificName VARCHAR(5000) , habitat VARCHAR(5000));
INSERT INTO habitats VALUES ('RUBIACEAE','Bradea borrerioides','6 Rocky Areas [e.g. inland cliffs, mountain peaks]');
INSERT INTO habitats VALUES ('BROMELIACEAE','Encholirium fragae','2.1 Dry Savanna');
INSERT INTO habitats VALUES ('BROMELIACEAE','Encholirium kranzianum','2.1 Dry Savanna');
INSERT INTO habitats VALUES ('BROMELIACEAE','Encholirum splendidum','2.1 Dry Savanna');
INSERT INTO habitats VALUES ('BROMELIACEAE','Encholirium splendidum','2.1 Dry Savanna');
INSERT INTO habitats VALUES ('Asteraceae','Eremanthus praetermissus','1.9 Subtropical/Tropical Moist Montane Forest');
INSERT INTO habitats VALUES ('Asteraceae','Eremanthus praetermissus','4.7 Subtropical/Tropical High Altitude Grassland');
INSERT INTO habitats VALUES ('Asteraceae','Eremanthus ovatifolius','3.5 Subtropical/Tropical Dry Shrubland');
INSERT INTO habitats VALUES ('ERIOCAULACEAE','Paepalanthus capixabensis','4.7 Subtropical/Tropical High Altitude Grassland');
INSERT INTO habitats VALUES ('ERIOCAULACEAE','Paepalanthus echinoides','4.7 Subtropical/Tropical High Altitude Grassland');
INSERT INTO habitats VALUES ('ERIOCAULACEAE','Paepalanthus argyrotrychus','6 Rocky Areas [e.g. inland cliffs, mountain peaks]');
CREATE TABLE IF NOT EXISTS fitofisionomias (family VARCHAR(5000) , scientificName VARCHAR(5000) , fitofisionomie VARCHAR(5000));
INSERT INTO fitofisionomias VALUES ('RUBIACEAE','Bradea borrerioides','Afloramento Rochoso');
INSERT INTO fitofisionomias VALUES ('BROMELIACEAE','Encholirium fragae','Savana Parque');
INSERT INTO fitofisionomias VALUES ('BROMELIACEAE','Encholirium kranzianum','Savana Parque');
INSERT INTO fitofisionomias VALUES ('BROMELIACEAE','Encholirum splendidum','Savana Parque');
INSERT INTO fitofisionomias VALUES ('BROMELIACEAE','Encholirium splendidum','Savana');
INSERT INTO fitofisionomias VALUES ('Asteraceae','Eremanthus praetermissus','Campos de Altitude');
INSERT INTO fitofisionomias VALUES ('Asteraceae','Eremanthus praetermissus','Floresta Ombrófila Densa');
INSERT INTO fitofisionomias VALUES ('Asteraceae','Eremanthus ovatifolius','Savana Parque');
INSERT INTO fitofisionomias VALUES ('ERIOCAULACEAE','Paepalanthus capixabensis','Campos de Altitude');
INSERT INTO fitofisionomias VALUES ('ERIOCAULACEAE','Paepalanthus echinoides','Campos de Altitude');
INSERT INTO fitofisionomias VALUES ('ERIOCAULACEAE','Paepalanthus echinoides','Áreas turfosas');
INSERT INTO fitofisionomias VALUES ('ERIOCAULACEAE','Paepalanthus argyrotrychus','Afloramento Rochoso');
CREATE TABLE IF NOT EXISTS biomas (family VARCHAR(5000) , scientificName VARCHAR(5000) , bioma VARCHAR(5000));
INSERT INTO biomas VALUES ('RUBIACEAE','Bradea borrerioides','Mata Atlântica');
INSERT INTO biomas VALUES ('BROMELIACEAE','Encholirium fragae','Caatinga');
INSERT INTO biomas VALUES ('BROMELIACEAE','Encholirium kranzianum','Caatinga');
INSERT INTO biomas VALUES ('BROMELIACEAE','Encholirum splendidum','Cerrado');
INSERT INTO biomas VALUES ('BROMELIACEAE','Encholirium splendidum','Caatinga');
INSERT INTO biomas VALUES ('Asteraceae','Eremanthus praetermissus','Mata Atlântica');
INSERT INTO biomas VALUES ('Asteraceae','Eremanthus ovatifolius','Cerrado');
INSERT INTO biomas VALUES ('ERIOCAULACEAE','Paepalanthus capixabensis','Mata Atlântica');
INSERT INTO biomas VALUES ('ERIOCAULACEAE','Paepalanthus echinoides','Cerrado');
INSERT INTO biomas VALUES ('ERIOCAULACEAE','Paepalanthus argyrotrychus','Cerrado');
CREATE TABLE IF NOT EXISTS assessments (family VARCHAR(5000) , scientificNameWithoutAuthorship VARCHAR(5000) , scientificNameAuthorship VARCHAR(5000) , assessment VARCHAR(5000) , category VARCHAR(5000) , criteria VARCHAR(5000) , assessor VARCHAR(5000) , evaluator VARCHAR(5000) , rationale VARCHAR(5000));
INSERT INTO assessments VALUES ('ERIOCAULACEAE','Paepalanthus velutiphyllus','','','','','','','');
INSERT INTO assessments VALUES ('Asteraceae','Eremanthus praetermissus','Loeuille','comments','VU','B1ab(i,ii,iii,iv,v)+2ab(i,ii,iii,iv,v)','Raquel','Luiz Santos Filho','Espécie caracterizada como arvoreta, terrestre, heliófila e perene (Loeuille and Pirani, in prep.), estreitamente relaciona a “candeias” (E. erythropappus) e, por isso, suspeita-se do seu potencial valor econômico relacionado a produção e extração do afla-bisabolol (óleo de candeia) (Scolforo et al., 2012). Ocorre na região Sudeste, entre o litoral sul do estado do Rio de Janeiro, a partir do município de Paraty, até o litoral norte do estado de São Paulo, nos municípios de Bertioga, São Sebastião, Ubatuba, Caraguatatuba, Salesópolis,Cunha e Biritiba-Mirim (Loeuille and Pirani, in prep.). Assim como em outras espécies de Eremanthus do subgênero Vanillosmopsis, costuma ser frequente e/ou dominante nas localidades de ocorrência (Loeuille 830. Paula-Souza 3477. Luize 19), formando populações com mais de 200 indivíduos, às vezes chamadas de "candeial". (Loeuille, com. pess.). Porém, as populações são consideradas severamente fragmentadas (Loeuille, com. pess.). Apresenta pouca especificidade de habitat e sua distribuição na Mata Atlântica envolve desde a Restinga até os Campos de altitude incluindo bordas de Floresta Ombrófila densa (Loeuille and Pirani, in prep.) e ambiente insular (Luize 19). Apesar da pequena EOO de 2.966,46 km² e AOO de 44 km², está a sujeita a até 10 situações de ameaças considerando as localidades de ocorrência, incluindo registros em três Unidades de Conservação de Proteção Integral (Parque Estadual da Serra do Mar, núcleo Caraguatatuba (Paula-Souza 3477. Franco 3006), Parque Estadual da Ilha Anchieta (Luize 19) e Parque Estadual da Serra do Mar, Morro do Cuscuzeiro (Bertoncello 905).O uso de sua madeira pelas comunidades locais para construção de cercas e pequenas pontes representa uma ameaça de baixa severidade a espécie, que pode implicar redução de indivíduos maduros. Por outro lado, as subpopulações em áreas de Restinga estão sujeitas a ameaças mais severas em vista dos desmatamentos motivados pela especulação imobiliária e empreendimentos turísticos (Buzato, 2012), o que resulta em declínio de EOO, AOO, qualidade de habitat e de subpopulações. Nesse sentido, recomenda-se o monitoramento e controle das ameaças incidentes para que a redução dessas subpopulações não resulte na inclusão da espécie em categoria de maior risco de extinção em um futuro próximo. ');
INSERT INTO assessments VALUES ('Asteraceae','Eremanthus ovatifolius','Loeuille','comments','CR','B2ab(ii,iii,iv,v)','Raquel','','Espécie caracterizada como arvoreta, terrestre, heliófila e perene (Loeuille and Pirani, in prep.),. Ocorre no estado de Minas Gerais, no município de Alvarenga (Loeuille and Pirani, in prep.), sendo conhecida por apenas uma população no Pico da Aliança (Loeuille 898, 903 e Gonella 700), em altitude entre 900-1430 m. Apesar de localmente abundante, apresentando até 200 indivíduos, a espécie é restrita ao Pico da Aliança (Loeuille and Pirani, in prep.), não sendo encontrada no Pico do Padre Ângelo, local próximo e que apresenta o mesmo tipo de habitat (Loeuille, com. pess.). A espécie ocorre em área de transição entre Cerrado e Mata Atlântica e apresenta uma grande especificidade de habitat, sendo exclusiva aos Campos Rupestres (Loeuille and Pirani, in prep.). Com AOO de 8km² está sujeita a uma situação de ameaça considerando a localidade de ocorrência. Apesar do uso de baixa severidade de sua madeira para construção de cercas e pequenas pontes, a espécie não está protegida em Unidade de Conservação, o que implica em declínio contínuo de AOO, qualidade de habitat, subpopulações e número de indivíduos maduros. Considerando-se que a espécie possui poucos e recentes registros de coleta, recomenda-se investimentos para o desenvolvimento de planos de ação, além da busca de novas subpopulações em habitats potenciais da espécie. Ainda, aponta-se a necessidade de priorização de estudos e investimentos na proteção do Pico da Aliança, visto que essa área ainda pouco estudada apresenta uma flora rica, atualmente com diversas espécies novas sendo descritas (Loeuille, com. pess.).');
INSERT INTO assessments VALUES ('ERIOCAULACEAE','Paepalanthus capixabensis','Trovó','comments','CR','B1ab(i,ii,iii,iv)','Raquel','Luiz Santos Filho','Erva perene de floração anual e heliófila, é restrita ao estado do Espírito Santo, sendo encontrada nos arredores do município de Vargem Alta (Trovó et al., in prep). Ocorre apenas em Campos de Altitude de solos quartizíticos em meio a formações graníticas, associados a Mata Atlântica (Trovó et al., in prep.). Conhecida por subpopulações isoladas e pequenas, com até 200 indivíduos, é considerada como severamente fragmentada e apresenta EOO de 3 km² , estando sujeita a apenas uma situação de ameaça, considerando a localidade de ocorrência. A expansão urbana e rural no município de Vargem Alta representa uma ameaça para a espécie, visto que a conversão dos habitats para consolidação de monocultura de café é intensa na região (Pastro, 2012), e implica declínio contínuo de EOO, AOO, qualidade de habitat e de subpopulações. Considerando-se que são conhecidos apenas registros esparsos, das décadas de 40, 80 e 2000, recomenda-se a busca de maiores informações sobre a ecologia da espécie, para avaliar possíveis indicativos de flutuação extrema da população e, portanto, de maior risco de extinção diante de processos estocásticos. Além disso, são necessários investimentos em planos de ação direcionados a sua conservação in situ e ex situ, justificados pela falta de registros conhecidos da espécie em qualquer categoria de proteção em Unidades de Conservação (Trovó et al., in prep.). ');
INSERT INTO assessments VALUES ('RUBIACEAE','Bradea pubescens','Brade ex J.A.Oliveira','','','','','','');
INSERT INTO assessments VALUES ('RUBIACEAE','Bradea arenicola ','J.A.Oliveira','','','','','','');
INSERT INTO assessments VALUES ('ERIOCAULACEAE','Paepalanthus farinaceus','','','','','','','');
INSERT INTO assessments VALUES ('ERIOCAULACEAE','Paepalanthus argyrotrychus','','','','','','','');
INSERT INTO assessments VALUES ('RUBIACEAE','Bradea laeterosea ','J.A.Oliveira','','','','','','');
INSERT INTO assessments VALUES ('RUBIACEAE','Bradea borrerioides','J.A.Oliveira & Sobrado','comments','EN','B1ab(i,ii,iii,iv,v)+2ab(i,ii,iii,iv,v).D1','Raquel','Tainan Messina','Espécie nova, caracterizada como erva ou arbusto, endêmica do Brasil, com ocorrência no estado do Espírito Santo, nos municípios de Nova Venécia, Água Doce do Norte e Vila Pavão, e no estado de Minas Gerais, no município de Teófilo Otoni (Oliveira & Sobrado 2015, no prelo). A população global é considerada severamente fragmentada, composta por cerca de seis subpopulações com até 50 indivíduos maduros e isoladas devido a sua alta especificidade de habitat relacionada a matas ralas dos afloramentos rochosos e inselbergs, locais sombreados ou parcialmente sombreados com fina camada de matéria orgânica sobre a rocha (Oliveira & Sobrado 2015, no prelo). Apresenta EOO de 1.925 km², AOO de 24 km² e está sujeita a duas situações de ameaça considerando a proximidade das localidades de ocorrência. A mineração de granito a partir da implosão dos inselbergs (Oliveira com. pess.. Forzza com. pess.), a supressão da vegetação para instalação de torres de celulares, antenas de tv e outras tecnologias  e o atual uso dos afloramentos para o cultivo de café e eucalipto (Oliveira com. pess.) são ameaças a espécie que implicam declínio contínuo de EOO, AOO, qualidade de habitat e número de subpopulações. Além disso, turismo e atividades recreativas nos inselbergs que envolvem a instalação de rampas de vôo livre, o pisoteio da vegetação e a abertura de trilhas associadas a invasão de gramíneas exóticas (Oliveira com. pess.) implicam declínio da qualidade de habitat e do número de indivíduos maduros. Atualmente não existem Unidades de Conservação para proteção de inselbergs e nenhuma das subpopulações da espécie ocorre em áreas protegidas (Oliveira & Sobrado 2015, no prelo). Considerando que as plantas endêmicas de inselbergs não sobrevivem em coleções ex situ devido as condições climatológicas e ecológicas desses ambientes (Oliveira & Sobrado 2015, no prelo), recomenda-se o investimento no planejamento de ações direcionadas a sua conservação in situ, como por exemplo o incentivo a criação e expansão de áreas protegidas que incluam os habitats da espécie. 
');
INSERT INTO assessments VALUES ('BROMELIACEAE','Encholirium fragae','Forzza','review','DD','','Rodrigo Amaro','','Erva conhecida apenas a partir da coleta tipo, de ocorrência em afloramentos calcários da região oeste da Bahia, no domínio fitogeográfico da Caatinga (Forzza & Leme, 2015). São necessários maiores estudos sobre a espécie, bem como um aumento do esforço amostral da mesma, a fim de se determinar eu real estado de conservação na natureza.');
INSERT INTO assessments VALUES ('BROMELIACEAE','Encholirium kranzianum','Leme & Forzza','review','CR','B2ab(i,ii,iii)','Rodrigo Amaro','','Erva de ocorrência em domínio fitogeográfico do Cerrado, em Campos Rupestres, em áreas com vegetação rasteira. Encontrada em rochas quartzíticas e solo arenoso (Leme & Forzza, 2015). É endêmica do estado de Minas Gerais, onde foi coletada nas regiões periféricas da Cadeia do Espinhaço Meridional, no município de Bocaiuvae e em Vilas Olhos d’Água do Oeste, próximo do município de Diamantina (Leme & Forzza, 2015). Possui AOO menor que 10 km² e suas subpopulações encontram-se próximas, estando sujeitas a uma única situação de ameaça. Suspeita-se que a espécie esteja sofrendo perda de qualidade de hábitat, além de declínio de AOO, por consequência (direta e indireta) de atividades pecuaristas (Leme & Forzza, 2015), amplamente desenvolvida na região (Sano, 2010).');
INSERT INTO assessments VALUES ('BROMELIACEAE','Encholirium splendidum','Forzza','review','EN','B1ab(i,ii,iii)+2ab(i,ii,iii)','Rodrigo Amaro','','Erva tipicamente rupícola, que cresce em afloramentos calcários do domínio fitogeográfico da Caatinga (Leme & Forzza, 2015). É endêmica do estado da Bahia, onde foi encontrada na Bacia do Rio São Francisco, região oeste do estado, no município de Santana, no Distrito de Porto Novo e no município de Coribe (Leme & Forzza, 2015). Possui EOO menor que 5.000 km² e AOO menor que 500 km², e está sujeita a menos de cinco situações de ameaça, em consequência de sua ocorrência em diferentes localidades. Suspeita-se que a espécie esteja sofrendo perda de qualidade de hábitat, além de declínio de EOO e AOO, em consequência de ameaças existentes na região, como a invasão de espécies exóticas (Leme & Forzza, 2015).');
INSERT INTO assessments VALUES ('ERIOCAULACEAE','Paepalanthus echinoides','Trovó.','comments','EN','A3cd.B2ab(i,ii,iii,iv,v)','Raquel Negrão','Luiz Santos Filho','Espécie recém descrita, distribuída em cerca de 5 a 15 subpopulações, com número de indivíduos maduros na maior subpopulação entre 20-100, totalizando menos de 2.500 indivíduos na população global (Trovó, com. pess.). Apresenta especificidade de habitat em Campos de Altitude e áreas turfosas, AOO =12 km² e duas situações de ameaça representadas por: degradação de ecossistemas provocado pelas estradas dentro e fora dos limites do Parque Nacional da Chapada dos Veadeiros (PNCV), conversão dos ecossistemas causado pelas atividades agropecuárias no entorno do PNCV (Trovó 2010. Trovó e Sano, 2011.Trovó et al. 2013) e, pelo aumento da coleta de indivíduos maduros dessa espécie com potencial uso ornamental. Alto Paraíso é o município do entorno do PNCV com histórico de maior coleta e comercialização de plantas ornamentais, sendo que as espécies mais coletados na região são “pale-palantos” (espécies do mesmo gênero Paepalanthus) (MMA/ICMBio, 2009. Trovó, 2010). Assim, o declínio populacional da(s) espécie(s) mais coletada(s) desse gênero, pode causar futuramente o aumento da coleta de P. echinoides por substituição do recurso exaurido, suspeitando-se de 50% de redução populacional projetada dessa espécie em um período de 10-100 anos, com base nos atuais níveis de exploração. Considerando as ameaças incidentes e potenciais, estima-se declínio contínuo de EOO, AOO, qualidade de habitats, de subpopulações e do número de indivíduos maduros. ');
INSERT INTO assessments VALUES ('RUBIACEAE','Bradea sessilifolia ','J.A.Oliveira','','','','','','');
CREATE TABLE IF NOT EXISTS pollination (family VARCHAR(5000) , scientificName VARCHAR(5000) , pollination VARCHAR(5000));
INSERT INTO pollination VALUES ('Asteraceae','Eremanthus praetermissus','melitophily');
INSERT INTO pollination VALUES ('Asteraceae','Eremanthus praetermissus','');
INSERT INTO pollination VALUES ('Asteraceae','Eremanthus ovatifolius','melitophily');
INSERT INTO pollination VALUES ('ERIOCAULACEAE','Paepalanthus capixabensis','entomophily');
CREATE TABLE IF NOT EXISTS dispersion (family VARCHAR(5000) , scientificName VARCHAR(5000) , dispersion VARCHAR(5000));
INSERT INTO dispersion VALUES ('RUBIACEAE','Bradea borrerioides','anemochory');
INSERT INTO dispersion VALUES ('Asteraceae','Eremanthus praetermissus','anemochory');
INSERT INTO dispersion VALUES ('Asteraceae','Eremanthus praetermissus','');
INSERT INTO dispersion VALUES ('Asteraceae','Eremanthus ovatifolius','anemochory');
